Options +Indexes FollowSymLinks ExecCGI Includes
<IfModule mod_autoindex.c>
IndexOptions IgnoreCase FancyIndexing FoldersFirst NameWidth=* DescriptionWidth=* SuppressHTMLPreamble
HeaderName /dirheader.html
IndexIgnore header.html footer.html favicon.ico .htaccess .ftpquota .DS_Store icons *.log *,v *,t .??* *~ *#
</IfModule>

# compress text, html, javascript, css, xml:
AddOutputFilterByType DEFLATE text/plain
AddOutputFilterByType DEFLATE text/html
AddOutputFilterByType DEFLATE text/xml
AddOutputFilterByType DEFLATE text/css
AddOutputFilterByType DEFLATE application/xml
AddOutputFilterByType DEFLATE application/xhtml+xml
AddOutputFilterByType DEFLATE application/rss+xml
AddOutputFilterByType DEFLATE application/javascript
AddOutputFilterByType DEFLATE application/x-javascript

AddType text/html .html

AddHandler server-parsed .shtml .html .htm

ErrorDocument 404 /404.shtml

DirectoryIndex index.shtml index_fr.html index.php index.html
Redirect /data http://rr0.org/time
Redirect /personne http://rr0.org/people
Redirect /lieu http://rr0.org/place
Redirect /lieux.html http://rr0.org/place
Redirect /science/crypto/ufo/observation/classification/hynek/CE1.html http://rr0.org/science/crypto/ufo/observation/classification/hynek/rr/1/index.html
Redirect /CE1.html http://rr0.org/science/crypto/ufo/observation/classification/hynek/rr/1
Redirect /science/crypto/ufo/observation/classification/hynek/CE2.html http://rr0.org/science/crypto/ufo/observation/classification/hynek/rr/2/index.html
Redirect /CE2.html http://rr0.org/science/crypto/ufo/observation/classification/hynek/rr/2
Redirect /science/crypto/ufo/observation/classification/hynek/CE3.html http://rr0.org/science/crypto/ufo/observation/classification/hynek/rr/3/index.html
Redirect /CE3.html http://rr0.org/science/crypto/ufo/observation/classification/hynek/rr/3
Redirect /MHD.html http://rr0.org/science/discipline/physique/MHD.html
Redirect /science/discipline/astronomie http://rr0.org/science/discipline/astro
Redirect /Documents/Articles/AIAA/1974-05_AIAAUFOReports_Sturrock.html http://rr0.org/time/1/9/7/4/05/AIAAUFOReports_Sturrock
Redirect /Documents/Articles/Sturrock/1974_Condon http://rr0.org/time/1/9/7/4/10/Sturrock_Condon
Redirect /Documents/Articles/AIAA/1971-07_AeronauticsAndAstronautics.html http://rr0.org/time/1/9/7/1/07/UfoEncounter1_AAAS
Redirect /Documents/Officiels/1953-01-09_Pentacle.html http://rr0.org/time/1/9/5/3/01/09/PentacleMemo
Redirect /Documents/Articles/Airships/1897-04-21_LincolnStateJournal_Airship_fr.html http://rr0.org/time/1/8/9/7/04/21/ItRainedAirships/index_fr.html
Redirect /Documents/Articles/Philips/phillips2.htm http://rr0.org/time/2/0/0/4/02/08/Phillips_PhysicalTracesCatalog_CPTR
Redirect /Documents/Articles/StupidUfologyTricks_Paynter.html /time/1/9/9/9/02/02/Paynter_UfologyStupidTricks
Redirect /PineGap_Gille.html http://rr0.org/time/1/9/8/9/PineGap/PineGap_Gille.html
Redirect /data/Documents/articles/1989-11-29_Zetetism.html http://rr0.org/time/1989/11/29/Truzzi_ReflectionsOnTheReceptionOfUnconventionalClaimsInScience/
Redirect /java/ http://rr0.org/tech/info/soft/proj/impl/lang/java
Redirect /tech/info/1986.html /time/1/9/8/6
Redirect /tech/info/soft/proj/design/arch/web/JavaScript.html http://rr0.org/tech/info/soft/proj/impl/lang/javascript
Redirect /tech/info/soft/proj/conception http://rr0.org/tech/info/soft/proj/design
Redirect /tech/info/soft/proj/conception/arch/serveur http://rr0.org/tech/info/soft/proj/design/arch/server
Redirect /tech/info/soft/proj/besoin http://rr0.org/tech/info/soft/proj/req
Redirect /tech/info/soft/proj/methode http://rr0.org/tech/info/soft/proj/method
Redirect /tech/info/soft/proj/design/arch/web/js http://rr0.org/tech/info/soft/proj/impl/lang/javascript
Redirect /tech/info/soft/proj/design/arch/web/client/CSS.html http://rr0.org/tech/info/soft/proj/design/arch/web/client/css
Redirect /science/appliquee/informatique/soft/java/Internet.html http://rr0.org/tech/info/soft/reseau/internet
Redirect /science/appliquee/info/soft/java/Internet.html http://rr0.org/tech/info/soft/reseau/internet
Redirect /ScienceFiction.html http://rr0.org/science/crypto/ufo/culture/litterature
Redirect /science/crypto/ufo/culture/litterature/sf http://rr0.org/science/crypto/ufo/culture/litterature
Redirect /Religion.html http://rr0.org/science/crypto/ufo/Religion.html
Redirect /religion http://rr0.org/croyance/religion
Redirect /Grudge13.html http://rr0.org/time/1995/03/26/Grudge13.html
Redirect /Vagues.html http://rr0.org/time/Vagues.html
Redirect /Officiels/1948-12-10_USAF/1948-12-10_USAF.html http://rr0.org/time/1948/12/10/USAF_AirIntelligenceReport/
Redirect /Documents/Officiels/SmithMarcia/SEC-1.html http://rr0.org/time/1983/06/20/SmithMarcia_UfoEnigma/s1
Redirect /Documents/Officiels/SmithMarcia/ http://rr0.org/time/1983/06/20/SmithMarcia_UfoEnigma/
Redirect /Documents/Officiels/USAF/PBBSR14/ http://rr0.org/time/1955/05/05/PBBSR14/
Redirect /science/crypto/ufo/analyse/hypotheses/HET/ http://rr0.org/science/crypto/ufo/analyse/hypotheses/intelligence/HET/
Redirect /Documents/Articles/Vallee/1990_5ArgumentsContreHET_Vallee_fr.html http://rr0.org/time/1990/Vallee_5ArgumentsAgainstTheExtraterrestrialOriginOfUnidentifiedFlyingObjects/index_fr.html
Redirect /Documents/Officiels/1990_LambrechtsRapport.html http://rr0.org/time/1990/RapportLambrechts/
Redirect /science/crypto/ufologie http://rr0.org//science/crypto/ufo
Redirect /science/crypto/zoologie http://rr0.org//science/crypto/zoo
Redirect /science/crypto/archeologie http://rr0.org//science/crypto/archeo
Redirect /Dossier/1996-01-20_Varginha http://rr0.org/science/crypto/ufo/enquete/dossier/Varginha
Redirect /Dossier/1952-09-12_Flatwoods http://rr0.org/science/crypto/ufo/enquete/dossier/Flatwoods
Redirect /Dossier/1957-10-15_VillasBoas http://rr0.org/science/crypto/ufo/enquete/dossier/VillasBoas
Redirect /Dossier/1945_LeMonde http://rr0.org/science/crypto/ufo/enquete/dossier/LeMonde
Redirect /ConversationsAFFA.html http://rr0.org/science/crypto/ufo/enquete/dossier/ConversationsAFFA
Redirect /science/crypto/ufo/enquete/dossier/Baalbek http://rr0.org//science/crypto/archeo/enquete/dossier/Baalbek
Redirect /science/crypto/ufo/enquete/dossier/SeattleWindshield/1998_Bartholomew.html http://rr0.org/time/1/9/9/8/Bartholomew_TheSeattleWindshieldPittingEpidemic
Redirect /LittleGreenMen.html http://rr0.org//science/crypto/ufo/LittleGreenMen.html
Redirect /SETV.html http://rr0.org/science/crypto/ufo/observation/projet/SETV.html
Redirect /science/crypto/ufo/observation/projet/Magnet.html http://rr0.org/org/ca/dot/projet/Magnet.html
Redirect /Sondages.html http://rr0.org//science/crypto/ufo/observation/Sondages.html
Redirect /science/crypto/ufo/detection/scenario/MIB.html http://rr0.org/science/crypto/ufo/observation/etre/mib/
Redirect /MIB.html http://rr0.org/science/crypto/ufo/observation/etre/mib/
Redirect /science/crypto/ufologie/observation/scenario/MIB.html http://rr0.org//science/crypto/ufo/observation/scenario/mib/ 
Redirect /Gris.html http://www.rr0.org/science/crypto/ufo/observation/etre/gris
Redirect /science/crypto/ufo/observation/scenario/Gris.html http://rr0.org/science/crypto/ufo/observation/etre/gris/
Redirect /science/crypto/ufologie/observation/scenario/Reptiliens.html http://rr0.org/science/crypto/ufo/observation/etre/reptilien/
Redirect /science/crypto/ufologie/observation/aspect/ http://rr0.org/science/crypto/ufo/observation/pan/aspect/
Redirect /science/crypto/ufo/observation/pan/aspect/forme/Cigare.html http://rr0.org/science/crypto/ufo/observation/pan/aspect/forme/cigare
Redirect /science/crypto/ufo/observation/aspect/ http://rr0.org/science/crypto/ufo/observation/pan/aspect/
Redirect /science/crypto/ufologie/observation/comportement/ http://rr0.org/science/crypto/ufo/observation/pan/comportement/
Redirect /science/crypto/ufologie/analyse/IdeesRecues.html http://rr0.org/science/crypto/ufo/IdeesRecues.html
Redirect /Orthothenie.html http://rr0.org/science/crypto/ufo/analyse/Orthothenie.html
Redirect /ETH.html http://rr0.org/science/crypto/ufo/analyse/hypotheses/intelligence/HET/
Redirect /HynekClassification.html http://rr0.org/science/crypto/ufo/observation/classification/hynek
Redirect /Enquete.html http://rr0.org/science/crypto/ufo/enquete/
Redirect /Preuve.html http://rr0.org/science/crypto/ufo/analyse/Preuve.html
Redirect /Ufologie.html http://rr0.org/science/crypto/ufo
Redirect /dirigeants.html http://rr0.org/people/dirigeants.html
Redirect /DavidsonLeon.html http://rr0.org/people/d/DavidsonLeon
Redirect /DeanRobertO.html http://rr0.org/people/d/DeanRobertO
Redirect /DeforgeGegard.html http://rr0.org/people/d/DeforgeGerard
Redirect /DeSouzaInacio.html http://rr0.org/people/d/DeSouzaInacio
Redirect /people/d/DeSamosAristarque.html http://rr0.org/people/d/DeSamosAristarque
Redirect /DewildeMarius.html http://rr0.org/people/d/DewildeMarius
Redirect /people/d/DolanRichard.html http://rr0.org/people/d/DolanRichard
Redirect /Cooper.html http://rr0.org/people/d/DotyRichardC/Cooper.html
Redirect /personne/d/DumerchatFrederic.html http://rr0.org/people/d/DumerchatFrederic
Redirect /personne/d/DurandGilles.html http://rr0.org/people/d/DurandGilles
Redirect /DrakeFrankD.html http://rr0.org/people/d/DrakeFrankD
Redirect /DrydenHughLatimer.html http://rr0.org/people/d/DrydenHughLatimer
Redirect /people/e/EasleyEdwin.html http://rr0.org/people/e/EasleyEdwin
Redirect /EdwardsFrank.html http://rr0.org/people/e/EdwardsFrank
Redirect /EisenhowerDwightDavid.html http://rr0.org/people/e/EisenhowerDwightDavid
Redirect /EsterleAlain.html http://rr0.org/people/e/EsterleAlain
Redirect /JungCarlGustav.html http://rr0.org/people/j/JungCarlGustav/
Redirect /personne/j/JungCarlGustav.html http://rr0.org/people/j/JungCarlGustav
Redirect /meprises.html http://rr0.org/science/crypto/ufo/enquete/meprise
Redirect /science/crypto/ufo/enquete/meprise/boreal http://rr0.org/science/crypto/ufo/enquete/meprise/aurore
Redirect /science/crypto/ufo/enquete/meprise/FeuxFollets.html http://rr0.org/science/crypto/ufo/enquete/meprise/feufollet
Redirect /Meteore.html http://rr0.org/science/crypto/ufo/enquete/meprise/rentree/meteore
Redirect /science/crypto/ufo/enquete/meprise/meteore http://rr0.org/science/crypto/ufo/enquete/meprise/rentree/meteore
Redirect /Ballon.html http://rr0.org/science/crypto/ufo/enquete/meprise/ballon
Redirect /Nuages.html http://rr0.org/science/crypto/ufo/enquete/meprise/nuage
Redirect /FeuxFollets.html http://rr0.org/science/crypto/ufo/enquete/meprise/FeuxFollets.html
Redirect /PilierDeSoleil.html http://rr0.org/science/crypto/ufo/enquete/meprise/optique/PilierDeSoleil.html
Redirect /PilierDeLumiere.html http://rr0.org/science/crypto/ufo/enquete/meprise/optique/PilierDeLumiere.html
Redirect /science/crypto/ufologie/enquete/meprise/illusion/ http://rr0.org/science/crypto/ufo/enquete/meprise/optique/
Redirect /SaintElme.html http://rr0.org/science/crypto/ufo/enquete/meprise/elme/
Redirect /Insectes.html http://rr0.org/science/crypto/ufo/enquete/meprise/Insectes.html
Redirect /Sceptiques.html http://rr0.org/science/crypto/ufo/analyse/Scepticisme.html
Redirect /StarJelly.html http://rr0.org/science/crypto/ufo/enquete/indice/residu/StarJelly/
Redirect /CheveuxAnge.html http://rr0.org/science/crypto/ufo/enquete/indice/residu/filament/
Redirect /Films.html http://rr0.org/science/crypto/ufo/enquete/indice/film
Redirect /Photo.html http://rr0.org/science/crypto/ufo/enquete/indice/photo
Redirect /Radar.html http://rr0.org/science/crypto/ufo/enquete/indice/radar
Redirect /science/crypto/ufo/enquete/indice/qualitatif/temoignage http://rr0.org/science/crypto/ufo/enquete/indice/temoignage
Redirect /Absurde.html http://rr0.org/science/crypto/ufo/analyse/absurde
Redirect /science/crypto/ufo/analyse/Absurde.html http://rr0.org/science/crypto/ufo/analyse/absurde
Redirect /Presse.html http://rr0.org/science/crypto/ufo/observation/media/presse
Redirect /science/crypto/ufo/observation/presse http://rr0.org/science/crypto/ufo/observation/media/presse
Redirect /Invisibilite.html http://rr0.org/science/crypto/ufo/observation/aspect/Invisibilite.html
Redirect /Dossier/1908-06-30_Tunguska/ http://rr0.org/science/crypto/ufo/enquete/dossier/Tunguska/
Redirect /Dossier/1998-01-10_Haravilliers http://rr0.org/science/crypto/ufo/enquete/dossier/Haravilliers
Redirect /1908-06-30_Tunguska.html http://rr0.org/science/crypto/ufo/enquete/dossier/Tunguska
Redirect /science/crypto/ufo/enquete/dossier/Amplefort http://rr0.org/science/crypto/ufo/enquete/dossier/Byland
Redirect /Mutil.html http://rr0.org/science/crypto/ufo/enquete/dossier/MutilationsBetail
Redirect /Mothman.html http://rr0.org/science/crypto/ufo/enquete/dossier/Mothman
Redirect /Airships.html http://rr0.org/science/crypto/ufo/enquete/dossier/Airships
Redirect /MJ-12.html http://rr0.org/science/crypto/ufo/enquete/dossier/MJDocs/MJ-12.html
Redirect /FooFighters.html http://rr0.org/science/crypto/ufo/enquete/dossier/FooFighters
Redirect /Dossier/1947-06-24_Arnold http://rr0.org/science/crypto/ufo/enquete/dossier/MontRainier
Redirect /science/crypto/ufo/enquete/dossier/Arnold http://rr0.org/science/crypto/ufo/enquete/dossier/MontRainier
Redirect /data/1942/02/25/LosAngeles http://rr0.org/science/crypto/ufo/enquete/dossier/LosAngeles
Redirect /data/1/9/4/2/02/25/LosAngeles http://rr0.org/science/crypto/ufo/enquete/dossier/LosAngeles
Redirect /Dossier/1942-02-25_LosAngeles http://rr0.org/science/crypto/ufo/enquete/dossier/LosAngeles
Redirect /1990-04_PetitRechain.html http://rr0.org/science/crypto/ufo/enquete/dossier/PetitRechain/
Redirect /Dossier/1971-09-04_CostaRica http://rr0.org/science/crypto/ufo/enquete/dossier/CostaRica
Redirect /Dossier/1950-04-27_Goshen/ http://rr0.org/science/crypto/ufo/enquete/dossier/Goshen/
Redirect /Dossier/GiantSatelliteUfos/ http://rr0.org/science/crypto/ufo/enquete/dossier/GiantSatelliteUfos/
Redirect /Dossier/1974-11-09_Carbondale/ http://rr0.org/science/crypto/ufo/enquete/dossier/Carbondale/
Redirect /Dossier/1959-06-26_Boianai/ http://rr0.org/science/crypto/ufo/enquete/dossier/Boianai/
Redirect /Dossier/1961-04-27_Pescara/ http://rr0.org/science/crypto/ufo/enquete/dossier/Pescara/
Redirect /Ezechiel.html http://rr0.org/science/crypto/ufo/enquete/dossier/Ezechiel
Redirect /Bentwaters.html http://rr0.org/science/crypto/ufo/enquete/dossier/Bentwaters
Redirect /Abydos.html http://rr0.org/science/crypto/archeo/enquete/dossier/Abydos
Redirect /Vimanas.html http://rr0.org/science/crypto/archeo/enquete/dossier/Vimanas
Redirect /science/crypto/ufo/enquete/dossier/Vimanas http://rr0.org/science/crypto/archeo/enquete/dossier/Vimanas
Redirect /dropa.html http://rr0.org/science/crypto/archeo/enquete/dossier/Dropas
Redirect /science/crypto/ufo/enquete/dossier/Dropas http://rr0.org/science/crypto/archeo/enquete/dossier/Dropas
Redirect /Documents/Articles/TheStonedisksOfBaianKaraUla.html http://rr0.org/science/crypto/archeo/enquete/dossier/Dropas/TheStonedisksOfBaianKaraUla.html
Redirect /Okinawa.html http://rr0.org/science/crypto/archeo/enquete/dossier/Okinawa/
Redirect /science/crypto/ufo/enquete/dossier/Dropas/ http://rr0.org/science/crypto/archeo/enquete/dossier/Dropas
Redirect /VagueBelge.html http://rr0.org/science/crypto/ufo/enquete/dossier/VagueBelge/
Redirect /Dossier/1961-09-19_Hill/ http://rr0.org/science/crypto/ufo/enquete/dossier/Hill/
Redirect /1961-09-19_Hill.html http://rr0.org/science/crypto/ufo/enquete/dossier/Hill
Redirect /Holloman.html http://rr0.org/science/crypto/ufo/enquete/dossier/Holloman/
Redirect /HollomanAFB.html http://rr0.org/org/us/dod/af/base/HollomanAFB.html
Redirect /MantellThomas.html http://rr0.org/science/crypto/ufo/enquete/dossier/Mantell/
Redirect /VillaBoasAntonio.html http://rr0.org/science/crypto/ufo/enquete/dossier/VillasBoas/
Redirect /data/1982/10/21/Amarantes/ http://rr0.org/science/crypto/ufo/enquete/dossier/Amarantes/
Redirect /Ummo.html http://rr0.org/science/crypto/ufo/enquete/dossier/Ummo/
Redirect /CropCircles.html http://rr0.org/science/crypto/ufo/enquete/dossier/CropCircle/
Redirect /LuneCanular.html http://rr0.org/science/crypto/ufo/enquete/dossier/LuneCanular/
Redirect /Dossier/1954-08-16_Tananarive/index.html http://rr0.org/science/crypto/ufo/enquete/dossier/Tananarive
Redirect /TerreCreuse.html http://rr0.org/science/crypto/ufo/enquete/dossier/TerreCreuse/
Redirect /data/1/9/4/3/Philadelphia http://rr0.org/science/crypto/ufo/enquete/dossier/Philadelphia
Redirect /Philadel.html http://rr0.org/science/crypto/ufo/enquete/dossier/Philadelphia/
Redirect /Montauk.html http://rr0.org/science/crypto/ufo/enquete/dossier/Philadelphia/Montauk.html
Redirect /Documents/Articles/1996-09_Roswell_Penthouse.html http://rr0.org/science/crypto/ufo/enquete/dossier/Roswell_Penthouse/
Redirect /Galileo.html http://rr0.org/science/crypto/ufo/enquete/dossier/Galileo/
Redirect /Dossier/1608_Article/index.html http://rr0.org/time/1608/Signes/index.html
Redirect /Dossier/1952-10-17_Oloron/index.html http://rr0.org/science/crypto/ufo/enquete/dossier/Oloron/
Redirect /Dossier/1955-08-21_Kelly-Hopkinsville/ http://rr0.org/science/crypto/ufo/enquete/dossier/Kelly-Hopkinsville/
Redirect /Documents/Articles/1953-09_Plantier.html http://rr0.org/time/1953/09/Plantier_UneHypothese/
Redirect /1953-09_Plantier.html http://rr0.org/time/1953/09/Plantier_UneHypothese/
Redirect /org/orgAssociations.html http://rr0.org/org/associations.html
Redirect /GEIPAN.html http://rr0.org/org/eu/fr/cnes/geipan/
Redirect /SOBEPS.html http://rr0.org/org/eu/be/asso/sobeps
Redirect /org/eu/be/association/SOBEPS.html http://rr0.org/org/eu/be/asso/sobeps
Redirect /FBI.html http://rr0.org/org/us/ic/fbi
Redirect /CIA.html http://rr0.org/org/us/ic/cia
Redirect /NASA.html http://rr0.org/org/us/nasa
Redirect /NSA.html http://rr0.org/org/us/ic/nsa
Redirect /NRO.html http://rr0.org/org/us/dod/NRO.html
Redirect /Magnet.html http://rr0.org/science/crypto/ufo/observation/projet/Magnet.html
Redirect /Hessdalen.html http://rr0.org/science/crypto/ufo/observation/projet/Hessdalen
Redirect /MKUltra.html http://rr0.org/org/us/ic/cia/projet/MKUltra.html
Redirect /MKDelta.html http://rr0.org/org/us/ic/cia/projet/MKDelta.html
Redirect /Robertson.html http://rr0.org/org/us/ic/cia/projet/Robertson
Redirect /Area51.html http://rr0.org/org/us/dod/af/base/Area51
Redirect /org/us/GOC.html http://rr0.org/org/us/dod/af/goc
Redirect /Skyhook.html http://rr0.org/org/us/dod/navy/projet/skyhook
Redirect /org/us/dod/af/base/MinotAFB.html http://rr0.org/org/us/dod/af/base/Minot
Redirect /Hangar18.html http://www.rr0.org/org/us/dod/af/base/WPAFB/Hangar18
Redirect /Princeton.html http://rr0.org/org/us/university/princeton
Redirect /org/us/university/Princeton http://rr0.org/org/us/university/princeton
Redirect /ColoradoProject.html http://rr0.org/org/us/university/colorado/projet/condon
Redirect /CNRS.html http://rr0.org/org/eu/fr/CNRS.html
Redirect /GEPAN.html http://rr0.org/org/eu/fr/cnes/gepan
Redirect /SEPRA.html http://rr0.org/org/eu/fr/cnes/sepra
Redirect /ONU.html http://rr0.org/org/int/onu
Redirect /Bilderberg.html http://rr0.org/org/int/asso/Bilderberg
Redirect /Illuminati.html http://rr0.org/org/int/asso/Illuminati.html
Redirect /BellLabs.html http://rr0.org/org/us/laboratory/BellLabs.html
Redirect /AmazingStories.html http://rr0.org/org/us/media/press/AmazingStories.html
Redirect /USAF.html http://rr0.org/org/us/dod/af
Redirect /science/crypto/ufo/enquete/meprise/mirage http://rr0.org/science/crypto/ufo/enquete/meprise/illusion
Redirect /Parhelie.html http://rr0.org/science/crypto/ufo/enquete/meprise/illusion/Parhelie.html
Redirect /enquete/meprise/Parhelie.html http://rr0.org/science/crypto/ufo/enquete/meprise/illusion/Parhelie.html
Redirect /Pluies.html http://rr0.org/time/pluies
Redirect /data/Pluies.html http://rr0.org/time/pluies
Redirect /PluiesDeSang.html http://rr0.org/time/pluies/sang
Redirect /data/PluiesDeSang.html http://rr0.org/time/pluies/sang
Redirect /science/crypto/ufo/observation/historique/PluiesDeSang.html http://rr0.org/time/pluies/sang
Redirect /Documents/Officiels/condon/case46.htm http://rr0.org/time/1/9/6/8/CondonReport/s4/c3/case46.htm
Redirect /data/1/9/6/8/CondonReport/s6/c09/index.html#s3 http://rr0.org/time/1/9/6/8/CondonReport/s6/c09/s3
Redirect /data/1/9/6/3/05/OuiIlYAUnProblemeSoucoupeVolantes_MichelAime.html http://rr0.org/time/1/9/6/3/05/Michel_OuiIlYAUnProblemeSoucoupeVolantes_Planete
Redirect /Documents/Officiels/condon http://rr0.org/time/1968/CondonReport
Redirect /time/1/9/6/8/CondonReport/s5/c1/tulli.html http://rr0.org/time/1/9/6/8/CondonReport/s5/c1/8
Redirect /Documents/Officiels/Symposium http://rr0.org/time/1968/07/29/Symposium
Redirect /data/1/9/6/8/07/29/Symposium/shepard.html http://rr0.org/time/1/9/6/8/07/29/Symposium/Shepard/
Redirect /1948.html http://rr0.org/time/1/9/4/8
Redirect /1961.html http://rr0.org/time/1/9/6/1
Redirect /1966.html http://rr0.org/time/1/9/6/6
Redirect /1968.html http://rr0.org/time/1/9/6/8
Redirect /1973.html http://rr0.org/time/1/9/7/3
Redirect /1974.html http://rr0.org/time/1/9/7/4
Redirect /1975.html http://rr0.org/time/1/9/7/5
Redirect /1984.html http://rr0.org/time/1/9/8/4
Redirect /1952_2.html http://rr0.org/time/1/9/5/2/07
Redirect /Agobard.html http://rr0.org/science/crypto/ufo/enquete/dossier/GreleTonnerre
Redirect /Astronomes.html http://rr0.org/people/Astronomes.html
Redirect /personne/a/Astronomes.html http://rr0.org/people/Astronomes.html
Redirect /AllenCarlMeredith.html http://rr0.org/people/a/AllenCarlMeredith
Redirect /AdairDavid.html http://rr0.org/people/a/AdairDavid
Redirect /AdamskiGeorge.html http://rr0.org/people/a/AdamskiGeorge
Redirect /AldrinEdwinE.html http://rr0.org/people/a/AldrinEdwinE
Redirect /AlvarezLuisW.html http://rr0.org/people/a/AlvarezLuisW
Redirect /AndersonWalterS.html http://rr0.org/people/a/AndersonWalterS
Redirect /people/a/Anaximandre.html http://rr0.org/people/a/Anaximandre
Redirect /ArnoldKenneth.html http://rr0.org/people/a/ArnoldKennethE
Redirect /people/a/ArmstrongMaryLouise.html http://rr0.org/people/a/ArmstrongMaryLouise
Redirect /AsselineMichel.html http://rr0.org/people/a/AsselineMichel
Redirect /BallesterOlmosVicenteJuan.html http://rr0.org/people/b/BallesterOlmosVicenteJuan
Redirect /people/b/BormanFrank.html http://rr0.org/people/b/BormanFrank
Redirect /people/b/BowerDonald.html http://rr0.org/people/b/BowerDonald
Redirect /BalducciCorrado.html http://rr0.org/people/b/BalducciCorrado
Redirect /BaraunaAlmiro.html http://rr0.org/people/b/BaraunaAlmiro
Redirect /personne/b/BarrowRobert.html http://rr0.org/people/b/BarrowRobert
Redirect /people/b/BarkerGrayRoscoe http://rr0.org/people/b/BarkerGray
Redirect /BeauJerome.html http://rr0.org/people/b/BeauJerome
Redirect /BidaultBernard.html http://rr0.org/people/b/BidaultBernard
Redirect /BloecherTed.html http://rr0.org/people/b/BloecherTed
Redirect /BoitteFranck.html http://rr0.org/people/b/BoitteFranck
Redirect /BonvinFabrice.html http://rr0.org/people/b/BonvinFabrice
Redirect /personne/b/BourbeauFrancoisC.html http://rr0.org/people/b/BourbeauFrancoisC
Redirect /personne/b/BossonYves.html http://rr0.org/people/b/BossonYves
Redirect /personne/b/BoudierAlain.html http://rr0.org/people/b/BoudierAlainH
Redirect /people/b/BrunoGiordano.html http://rr0.org/people/b/BrunoGiordano
Redirect /BouniasMichel.html http://rr0.org/people/b/BouniasMichel
Redirect /personne/BossonYves.html http://rr0.org/people/b/BossonYves
Redirect /BlanchardWilliamHugh.html http://rr0.org/science/crypto/ufo/enquete/dossier/Roswell/BlanchardWilliamHugh
Redirect /BourretJeanClaude.html http://rr0.org/people/b/BourretJeanClaude
Redirect /BourdaisGildas.html http://rr0.org/people/b/BourdaisGildas
Redirect /people/b/BoyleRobert.html http://rr0.org/people/b/BoyleRobert
Redirect /people/b/BoylanRichardJ.html http://rr0.org/people/b/BoylanRichardJ
Redirect /BrayArthurReid.html http://rr0.org/people/b/BrayArthurReid
Redirect /BreysseDenis.html http://rr0.org/people/b/BreysseDenis
Redirect /BrzezinskiZbigniew.html http://rr0.org/people/b/BrzezinskiZbigniew
Redirect /BruneauJeanLuc.html http://rr0.org/people/b/BruneauJeanLuc
Redirect /BrownThomasTownsend.html http://rr0.org/people/b/BrownThomasTownsend
Redirect /BrownGeorgeScratchley.html http://rr0.org/people/b/BrownGeorgeScratchley
Redirect /BryanJoseph.html http://rr0.org/people/b/BryanJoseph
Redirect /BryantLarryW.html http://rr0.org/people/b/BryantLarryW
Redirect /BushGeorgeHerbertWalker.html http://rr0.org/people/b/BushGeorgeHerbertWalker
Redirect /BushVannevar.html http://rr0.org/people/b/BushVannevar
Redirect /ByrdRichardEvelyn.html http://rr0.org/people/b/ByrdRichardEvelyn
Redirect /personne/c/CabellCharlesPearre.html http://rr0.org/people/c/CabellCharlesPearre
Redirect /CarterJamesEarl.html http://rr0.org/people/c/CarterJamesEarl
Redirect /people/c/CarpenterJoel.html http://rr0.org/people/c/CarpenterJoel
Redirect /ChaloupekHenri.html http://rr0.org/people/c/ChaloupekHenri
Redirect /CharrouxRobert.html http://rr0.org/people/c/CharrouxRobert
Redirect /personne/c/CharrouxRobert.html http://rr0.org/people/c/CharrouxRobert
Redirect /ClarkeArthurC.html http://rr0.org/people/c/ClarkeArthurC
Redirect /people/c/ClarkJeromeE http://rr0.org/people/c/ClarkJerome
Redirect /personne/c/ClarkeArthurC.html http://rr0.org/people/c/ClarkeArthurC
Redirect /personne/c/CorlissWilliamR http://rr0.org/people/c/CorlissWilliamRoger
Redirect /people/c/CoutenFrancois.html http://rr0.org/people/c/CoutenFrancois
Redirect /CrowhurstDonaldC.html http://rr0.org/people/c/CrowhurstDonaldC
Redirect /ChassinLionelMax.html http://rr0.org/people/c/ChassinLionelMax
Redirect /personne/ChassinLionelMax http://rr0.org/people/c/ChassinLionelMax
Redirect /ChopAlbertM.html http://rr0.org/people/c/ChopAlbertM
Redirect /personne/c/CochardJeanPierre.html http://rr0.org//people/c/CochardJeanPierre
Redirect /CommanderX.html http://rr0.org/people/c/CommanderX.html
Redirect /CooperLeroyGordon.html http://rr0.org/people/c/CooperLeroyGordon
Redirect /CooperWilliamMilton.html http://rr0.org/people/c/CooperWilliamMilton
Redirect /CorsoPhilipJames.html http://rr0.org/people/c/CorsoPhilipJames
Redirect /people/c/CortileLinda.html http://rr0.org/people/n/NapolitanoLinda
Redirect /CunninghamRWalter.html http://rr0.org/people/c/CunninghamRWalter
Redirect /CrismanFredLee.html http://rr0.org/people/c/CrismanFredLee
Redirect /DEscathaYannick.html http://rr0.org/people/d/DEscathaYannick
Redirect /DevereuxPaul.html http://rr0.org/people/d/DevereuxPaul
Redirect /personne/DotyRichardC http://rr0.org/people/d/DotyRichardC
Redirect /DubocJeanCharles.html http://rr0.org/people/d/DubocJeanCharles
Redirect /FermiEnrico.html http://rr0.org/people/f/FermiEnrico
Redirect /people/f/FahrneyDelmerS.html http://rr0.org/people/f/FahrneyDelmerS
Redirect /personne/f/FriendRobertJ.html http://rr0.org/people/f/FriendRobertJ
Redirect /personne/FeyerabendPaul http://rr0.org/people/f/FeyerabendPaul
Redirect /personne/f/FiguetMichel.html http://rr0.org/people/f/FiguetMichel
Redirect /FontesOlavoT.html http://rr0.org/people/f/FontesOlavoT
Redirect /ForrestalJamesVincent.html http://rr0.org/people/f/ForrestalJamesVincent
Redirect /FortCharlesHoy.html http://rr0.org/people/f/FortCharlesHoy
Redirect /FouereFrancine.html http://rr0.org/people/f/FouereFrancine
Redirect /FowlerRaymondE.html http://rr0.org/people/f/FowlerRaymondE
Redirect /FriedmanStanton.html http://rr0.org/people/f/FriedmanStantonT
Redirect /GuieuJimmy.html http://rr0.org/people/g/GuieuJimmy
Redirect /people/f/FullerJohnG.html http://rr0.org/people/f/FullerJohnG
Redirect /pilotes.html http://rr0.org/people/pilotes.html
Redirect /personne/p/pilotes.html http://rr0.org/people/pilotes.html
Redirect /PatenetJacques.html http://rr0.org/people/p/PatenetJacques
Redirect /PlantierJean.html http://rr0.org/people/p/PlantierJean
Redirect /people/p/Ptolemee.html http://rr0.org/people/p/Ptolemee
Redirect /personne/g/GairyEric.html http://rr0.org/people/g/GairyEric
Redirect /GoodTimothy.html http://rr0.org/people/g/GoodTimothy
Redirect /personne/g/GoodTimothy.html http://rr0.org/people/g/GoodTimothy
Redirect /pilotes.html#GiraudRene http://rr0.org/people/g/GiraudRene
Redirect /GoldwaterBarryM.html  http://rr0.org/people/g/GoldwaterBarryM
Redirect /GuerinPierre.html http://rr0.org/people/g/GuerinPierre
Redirect /GresleJeanGabriel.html http://rr0.org/people/g/GresleJeanGabriel
Redirect /people/g/GreerStevenM.html http://rr0.org/people/g/GreerStevenM
Redirect /GrossPatrick.html http://rr0.org/people/g/GrossPatrick
Redirect /GutierezGregory.html http://rr0.org/people/g/GutierezGregory
Redirect /HainesRichardF.html http://rr0.org/people/h/HainesRichardF
Redirect /HalletMarc.html http://rr0.org/people/h/HalletMarc
Redirect /HallRichardH.html http://rr0.org/people/h/HallRichardH
Redirect /personne/h/HalleyEdmund.html http://rr0.org/people/h/HalleyEdmund
Redirect /personne/HansenMyrna http://rr0.org/people/h/HansenMyrna
Redirect /HarderJamesA.html http://rr0.org/people/h/HarderJamesA
Redirect /HartmannWilliamK.html http://rr0.org/people/h/HartmannWilliamK
Redirect /personne/h/HastingsRobert.html http://rr0.org/people/h/HastingsRobert
Redirect /personne/h/HeardGerald.html http://rr0.org/people/h/HeardGerald
Redirect /HershellWilliam.html http://rr0.org/people/h/HershelWilliam
Redirect /HillPaulR.html http://rr0.org/people/h/HillPaulR
Redirect /personne/HillenkoetterRoscoeHenry http://rr0.org/people/h/HillenkoetterRoscoeHenry
Redirect /HoaglandRichardC.html http://rr0.org/people/h/HoaglandRichardC
Redirect /HynekJosefAllen.html http://rr0.org/people/h/HynekJosefAllen
Redirect /HynekJosephAllen.html http://rr0.org/people/h/HynekJosefAllen
Redirect /JacobsDavidMichael.html http://rr0.org/people/j/JacobsDavidMichael
Redirect /KaplanJoseph.html http://rr0.org/people/k/KaplanJoseph
Redirect /personne/k/Kervandal.html http://rr0.org/people/k/KervendalGuillaume
Redirect /people/k/KillianPeter.html http://rr0.org/people/k/KillianPeter
Redirect /people/k/KirtonEdwinE.html http://rr0.org/people/k/KirtonEdwinE
Redirect /people/k/KnowlesHerbert.html http://rr0.org/people/k/KnowlesHerbert
Redirect /people/k/KorffKalK.html http://rr0.org/people/k/KorffKalK
Redirect /people/k/KorolevSerguei.html http://rr0.org/people/k/KorolevSerguei
Redirect /KudouMasaaki.html http://rr0.org/people/k/KudouMasaaki
Redirect /KuettnerJoachimP.html http://rr0.org/people/k/KuettnerJoachimP
Redirect /personne/KuhnThomasSamuel.html http://rr0.org/people/k/KuhnThomasSamuel
Redirect /KuiperGerard.html http://rr0.org/people/k/KuiperGerard
Redirect /KeyhoeDonaldEdward.html http://rr0.org/people/k/KeyhoeDonaldE
Redirect /people/k/KeyhoeDonaldEdward http://rr0.org/people/k/KeyhoeDonaldE
Redirect /KrineJack.html http://rr0.org/people/k/KrineJack
redirect /personne/KuhnThomasSamuel http://rr0.org/people/k/KuhnThomasSamuel
Redirect /LebeauAndre.html http://rr0.org/people/l/LebeauAndre
Redirect /LeslieDesmond.html http://rr0.org/people/l/LeslieDesmond
Redirect /LettyDenis.html http://rr0.org/people/l/LettyDenis
Redirect /people/l/LettyDenis.html http://rr0.org/people/l/LettyDenis
Redirect /LearJohn.html http://rr0.org/people/l/LearJohnO/
Redirect /LePoerTrenchBrinsley.html http://rr0.org/people/l/LePoerTrenchBrinsley
Redirect /people/l/LeirRogerK.html http://rr0.org/people/l/LeirRogerK
Redirect /LeirRogerK.html http://rr0.org/people/l/LeirRogerK
Redirect /people/l/LeoneMateo.html http://rr0.org/people/l/LeoneMateo
Redirect /LhoteHenri.html http://rr0.org/people/l/LhoteHenri.html
Redirect /LovellJamesA.html http://rr0.org/people/l/LovellJamesA
Redirect /people/l/LovellJamesA.html http://rr0.org/people/l/LovellJamesA
Redirect /LouangeFrancois.html http://rr0.org/people/l/LouangeFrancois
Redirect /LorenzenCoralE.html http://rr0.org/people/l/LorenzenCoralE
Redirect /people/l/LorenzenCoralE.html http://rr0.org/people/l/LorenzenCoralE
Redirect /people/l/LorenzenLJames.html http://rr0.org/people/l/LorenzenJames
Redirect /people/l/LowRobert.html http://rr0.org/people/l/LowRobertJ
Redirect /personne/LakatosImre http://rr0.org/people/l/LakatosImre
Redirect /LagrangePierre.html http://rr0.org/people/l/LagrangePierre
Redirect /LaPazLincoln.html http://rr0.org/people/l/LaPazLincoln
Redirect /people/l//LaPazLincoln.html http://rr0.org/people/l/LaPazLincoln
Redirect /LazarRobertScott.html http://rr0.org/people/l/LazarRobertScott
Redirect /LundahlArthurC.html http://rr0.org/people/l/LundahlArthurC
Redirect /personne/l/LundahlArthurC.html http://rr0.org/people/l/LundahlArthurC
Redirect /personne/LundahlArthurC.html http://rr0.org/people/l/LundahlArthurC
Redirect /MacArthurDouglas.html http://rr0.org/people/m/McArthurDouglas
Redirect /MaccabeeBruceSargent.html http://rr0.org/people/m/MaccabeeBruceSargent
Redirect /BerlitzCharles.html http://rr0.org/people/b/BerlitzCharles
Redirect /BenderAlbertK.html http://rr0.org/people/b/BenderAlbertK
Redirect /MaillotEric.html http://rr0.org/people/m/MaillotEric
Redirect /personne/m/MaunderEWalter.html http://rr0.org/people/m/MaunderEdwardWalter
Redirect /personne/MaccabeeBruceSargent http://rr0.org/people/m/MaccabeeBruceSargent
Redirect /MacDivittJames.html http://rr0.org/people/m/MacDivittJames/
Redirect /MackJohnE.html http://rr0.org/people/m/MackJohnE/
Redirect /personne/MackJohnE http://rr0.org/people/m/MackJohnE
Redirect /MitchellEdgarDean.html http://rr0.org/people/m/MitchellEdgarDean
Redirect /Dossier/1947-07-02_Roswell/MarcelJesseA.html http://rr0.org/people/m/MarcelJesseA
Redirect /ufo/enquete/dossier/Roswell/MarcelJesseA http://rr0.org/people/m/MarcelJesseA
Redirect /MarcelJesseA.html http://rr0.org/science/crypto/ufo/enquete/dossier/Roswell/MarcelJesseA/
Redirect /MarhicRenaud.html http://rr0.org/people/m/MarhicRenaud
Redirect /MaugeClaude.html http://rr0.org/people/m/MaugeClaude
Redirect /MeessenAuguste.html http://rr0.org/people/m/MeessenAuguste
Redirect /MeheustBertrand.html http://rr0.org/people/m/MeheustBertrand
Redirect /MeierEduardAlbert.html http://rr0.org/people/m/MeierEduardAlbert
Redirect /MenzelDonaldHoward.html http://rr0.org/people/m/MenzelDonaldHoward
Redirect /MesnardJoel.html http://rr0.org/people/m/MesnardJoel
Redirect /MichalakStephen.html http://rr0.org/people/m/MichalakStephen
Redirect /personne/m/MichalakStephen.html http://rr0.org/people/m/MichalakStephen
Redirect /MichelAime.html http://rr0.org/people/m/MichelAime
Redirect /MillerPaul.html http://rr0.org/people/m/MillerPaul
Redirect /MontfortNelson.html http://rr0.org/people/m/MontfortNelson
Redirect /MonetPierre.html http://rr0.org/people/m/MonnetPierre
Redirect /MonnerieMichel.html http://rr0.org/people/m/MonnerieMichel
Redirect /MooreWilliamLeonard.html http://rr0.org/people/m/MooreWilliamLeonard
Redirect /MooreCharlesB.html http://rr0.org/people/m/MooreCharlesB
Redirect /MorayHenryT.html http://rr0.org/people/m/MorayHenryT
Redirect /MorganMichele.html http://rr0.org/people/m/MorganMichele
Redirect /personne/o/OberthHermann.html http://rr0.org/people/o/OberthHermann
Redirect /OppenheimerRobertJulius.html http://rr0.org/people/o/OppenheimerRobertJulius
Redirect /ObsequensJulius.html http://rr0.org/people/o/ObsequensIulius
Redirect /OckhamGuillaume.html http://rr0.org/people/o/OckhamGuillaume
Redirect /personne/o/OckhamGuillaume.html http://rr0.org/people/o/OckhamGuillaume
Redirect /people/o/OswaldJohnPaul.html http://rr0.org/people/o/OswaldJohn
Redirect /NicolaiRenato.html http://rr0.org/science/crypto/ufo/enquete/dossier/TransEnProvence
Redirect /NicolaRenato.html http://rr0.org/science/crypto/ufo/enquete/dossier/TransEnProvence
Redirect /personne/p/PageThornton.html http://rr0.org/people/p/PageThorntonLeigh
Redirect /PalmerRaymondA.html http://rr0.org/people/p/PalmerRaymondA
Redirect /personne/p/PatenetJacques.html http://rr0.org/people/p/PatenetJacques
Redirect /PellatRene.html http://rr0.org/people/p/PellatRene
Redirect /PetitJeanPierre.html http://rr0.org/people/p/PetitJeanPierre
Redirect /personne/PetitJeanPierre http://rr0.org/people/p/PetitJeanPierre
Redirect /PetrakisPerry.html http://rr0.org/people/p/PetrakisPerry
Redirect /PersingerMichaelA.html http://rr0.org/people/p/PersingerMichaelA
Redirect /PflockKarlT.html http://rr0.org/people/p/PflockKarlT
Redirect /PinonGilles.html http://rr0.org/people/p/PinonGilles
Redirect /PopeNick.html http://rr0.org/people/p/PopeNicholas
Redirect /PoherClaude.html http://rr0.org/people/p/PoherClaude
Redirect /RameyRogerM.html http://rr0.org/people/r/RameyRogerM
Redirect /science/crypto/ufo/enquete/dossier/Roswell/Films/SantilliRay.html http://rr0.org/people/s/SantilliRay
Redirect /ReaganRonaldWilson.html http://rr0.org/people/r/ReaganRonaldWilson
Redirect /ReichWilhelm.html http://rr0.org/people/r/ReichWilhelm
Redirect /RibesJeanClaude.html http://rr0.org/people/r/RibesJeanClaude
Redirect /RiberaAntonio.htm http://rr0.org/people/r/RiberaAntonio
Redirect /personne/r/RibesJeanClaude.html http://rr0.org/people/r/RibesJeanClaude
Redirect /RichardsonRobert.html http://rr0.org/people/r/RichardsonRobert
Redirect /RobertsonHaroldP.html http://rr0.org/people/r/RobertsonHaroldP
Redirect /RocardYves.html http://rr0.org/people/r/RocardYves
Redirect /personne/RocherThierry http://rr0.org/people/r/RocherThierry
Redirect /RodeghierMark.html http://rr0.org/people/r/RodeghierMark
Redirect /RockefellerLaurance.html http://rr0.org/people/r/RockefellerLaurance
Redirect /personne/r/RosparsJeanPierre.html http://rr0.org/people/r/RosparsJeanPierre
Redirect /RuppeltEdwardJ.html http://rr0.org/people/r/RuppeltEdwardJ
Redirect /personne/RuppeltEdwardJ http://rr0.org/people/r/RuppeltEdwardJ
Redirect /RutledgeHarley.html http://rr0.org/people/r/RutledgeHarley
Redirect /SaganCarlEdward.html http://rr0.org/people/s/SaganCarl
Redirect /people/s/SaganCarlEdward http://rr0.org/people/s/SaganCarl
Redirect /SchuesslerJohnF.html http://rr0.org/people/s/SchuesslerJohnF
Redirect /ScornauxJacques.html http://rr0.org/people/s/ScornauxJacques
Redirect /personne/s/SeitzFrederick.html http://rr0.org/people/s/SeitzFrederick
Redirect /personne/s/SerreDidier.html http://rr0.org//people/s/SerresDidier
Redirect /ShuttlewoodArthur.html http://rr0.org/people/s/ShuttlewoodArthur
Redirect /people/m/MaussanJaime.html http://rr0.org/people/m/MaussanJaime
Redirect /ShanderaJaime.html http://rr0.org/people/s/ShanderaJaime
Redirect /ShaverRichardSharpe.html http://rr0.org/people/s/ShaverRichardSharpe
Redirect /ShepardRogerN.html http://rr0.org/people/s/ShepardRogerN
Redirect /SiderJean.html http://rr0.org/people/s/SiderJean
Redirect /SillardYves.html http://rr0.org/people/s/SillardYves
Redirect /personne/SillardYves http://rr0.org/people/s/SillardYves
Redirect /personne/s/SimonBenjamin.html http://rr0.org/people/s/SimonBenjamin
Redirect /SparksBrad.html http://rr0.org/people/s/SparksBrad
Redirect /SmithEmilJ.html http://rr0.org/people/s/SmithEmilJ
Redirect /SmithWilbertBrooker.html http://rr0.org/people/s/SmithWilbertBrooker
Redirect /SmithMarciaS.html http://rr0.org/people/s/SmithMarciaS
Redirect /people/s/SmithWilly.html http://rr0.org/people/s/SmithWilly
Redirect /SoubirousBernadette.html http://rr0.org/people/s/SoubirousBernadette
Redirect /personne/SoubirousBernadette http://rr0.org/people/s/SoubirousBernadette
Redirect /SpielbergSteven.html http://rr0.org/people/s/SpielbergStevenAllan
Redirect /StevensWendelleC.html http://rr0.org/people/s/StevensWendelleC
Redirect /SturrockPeterAndrew.html http://rr0.org/people/s/SturrockPeterAndrew
Redirect /StrandErlingP.html http://rr0.org/people/s/StrandErlingP
Redirect /people/s/StruveOtto.html http://rr0.org/people/s/StruveOtto
Redirect /StringfieldLeonardH.html http://rr0.org/people/s/StringfieldLeonardH
Redirect /SwordsMichael.html http://rr0.org/people/s/SwordsMichaelD
Redirect /TaradeGuy.html http://rr0.org/people/t/TaradeGuy
Redirect /TellerEdward.html http://rr0.org/people/t/TellerEdward
Redirect /TeodoraniMassimo.html http://rr0.org/people/t/TeodoraniMassimo
Redirect /TeslaNikola.html http://rr0.org/people/t/TeslaNikola/
Redirect /personne/t/ThirouinMarc.html http://rr0.org/people/t/ThirouinMarc
Redirect /ThouanelBernard.html http://rr0.org/people/t/ThouanelBernard
Redirect /personne/t/ThouanelBernard.html http://rr0.org/people/t/ThouanelBernard
Redirect /TombaughClydeWilliam.html http://rr0.org/people/t/TombaughClydeWilliam
Redirect /people/t/ToddRobert.html http://rr0.org/people/t/ToddRobertGreer
Redirect /TroadecJeanPierre.html http://rr0.org/people/t/TroadecJeanPierre
Redirect /TrumanHarryS.html http://rr0.org/people/t/TrumanHarryS
Redirect /TruzziMarcello.html http://rr0.org/people/t/TruzziMarcello
Redirect /people/t/TyrodeJean.html http://rr0.org/people/t/TyrodeJean
Redirect /UryThomas.html http://rr0.org/people/u/UryThomas
Redirect /ValleeJacques.html http://rr0.org/people/v/ValleeJacques
Redirect /VanTasselGeorge.html http://rr0.org/people/v/VanTasselGeorge
Redirect /VelascoJeanJacques.html http://rr0.org/people/v/VelascoJeanJacques
Redirect /VeillithRaymond.html http://rr0.org/people/v/VeillithRaymond
Redirect /personne/v/VeillithRaymond.html http://rr0.org/people/v/VeillithRaymond
Redirect /VeyretBernard.html http://rr0.org/people/v/VeyretBernard
Redirect /VillaApolinarA.html http://rr0.org/science/crypto/ufo/enquete/dossier/Villa
Redirect /VorilhonClaude.html http://rr0.org/people/v/VorilhonClaude/
Redirect /personne/VelikovskyImmanuel http://rr0.org/people/v/VelikovskyImmanuel
Redirect /VonBraunWernher.html http://rr0.org/people/v/VonBraunWernher
Redirect /VonDanikenErik.html http://rr0.org/people/v/VonDanikenErik
Redirect /personne/c/ConnorsWendy.html http://rr0.org//people/c/ConnorsWendyAnn
Redirect /CopernicNicolas.html http://rr0.org//people/c/CopernicNicolas
Redirect /personne/w/WaltonBruceAlan/Grudge13.html http://rr0.org/time/1995/03/26/Grudge13.html
Redirect /personne/w/WaltersEdwardDaniel.html http://rr0.org/people/w/WaltersEdwardDaniel
Redirect /people/w/WeinsteinDominique.html http://rr0.org/people/w/WeinsteinDominique
Redirect /personne/WaltonBruceAlan http://rr0.org/people/w/WaltonBruceAlan
Redirect /personne/w/WilkinsHaroldT.html http://rr0.org/people/w/WilkinsHaroldT
Redirect /WhiteEdward.html http://rr0.org/people/w/WhiteEdward
Redirect /WhiteRobertMichael.html http://rr0.org/people/w/WhiteRobertMichael
Redirect /people/w/WhiteRobertMichael.html http://rr0.org/people/w/WhiteRobertMichael
Redirect /people/w/WalkerJosephA.html http://rr0.org/people/w/WalkerJosephA
Redirect /WilliamsonGeorgeHunt.html http://rr0.org/people/h/HuntWilliamsonGeorge
Redirect /personne/w/WilliamsonGeorgeHunt http://rr0.org/people/h/HuntWilliamsonGeorge
Redirect /WolfMichael.html http://rr0.org/people/w/WolfMichael
Redirect /Contactes.html http://rr0.org/people/contactes.html
Redirect /militaires.html http://rr0.org/people/militaires.html
Redirect /temoins.html http://rr0.org/people/temoins.html
Redirect /org/us/dod/af/ATIC.html http://rr0.org/org/us/dod/af/amc/atic
Redirect /Sign.html http://rr0.org/org/us/dod/af/amc/atic/projet/sign
Redirect /BlueBook.html http://rr0.org/org/us/dod/af/amc/atic/projet/bluebook/
Redirect /Grudge.html http://rr0.org/org/us/dod/af/amc/atic/projet/grudge
Redirect /Mogul.html http://rr0.org/org/us/dod/af/amc/Mogul
Redirect /SilverBug.html http://rr0.org/org/us/dod/af/projet/SilverBug
Redirect /Avrocar.html http://rr0.org/org/ca/Avro/Avrocar
Redirect /Brookings_Report.html http://rr0.org/org/us/institute/Brookings/projet/ImplicationsOfPeacefulSpaceActivitiesForHumanAffairs/
Redirect /ZA.html http://rr0.org/org/za
Redirect /Documents/Pratique/1977_Matrice_Poher.html http://rr0.org/time/1/9/7/7/Poher_Matrice
Redirect /Documents/Articles/2005-09-25_RFI_Sillard.html http://rr0.org/time/2/0/0/5/09/25/Sillard_RFI.html
Redirect /Documents/Articles/2001-08-21_CIA-UFO-History_IUR_Rodeigher.html http://rr0.org/time/2001/08/21/Rodeigher_CIA-UFO-History_IUR
Redirect /audio/2005-09-25_RFI_Sillard.html http://rr0.org/time/2/0/0/5/09/25/Sillard_RFI.html
Redirect /Documents/Etudes/Pocantico/ http://rr0.org/time/1/9/9/7/10/04/Pocantico/
Redirect /time/1/9/9/5/BestAvailableEvidence_Rockefeller http://rr0.org/time/1/9/9/5/12/15/BestAvailableEvidence_Rockefeller
Redirect /time/1981 http://rr0.org/time/1/9/8/1
Redirect /1990.html http://rr0.org/time/1/9/9/0
Redirect /1991.html http://rr0.org/time/1/9/9/1
Redirect /1992.html http://rr0.org/time/1/9/9/2
Redirect /1993.html http://rr0.org/time/1/9/9/3
Redirect /Pocantico.html http://rr0.org/science/crypto/ufo/analyse/Projet/Pocantico.html
Redirect /Documents/Articles/Hynek/1981-07_UFOPhenomenonLaughLaughStudy_TechnologyReview_Hynek_fr.html http://rr0.org/time/1981/07/Hynek_UFOPhenomenonLaughLaughStudy_TechnologyReview/
Redirect /Documents/Articles/1963-05_OuiIlYAUnProblemeSoucoupeVolantes_MichelAime.html http://rr0.org/time/1963/05/OuiIlYAUnProblemeSoucoupeVolantes_MichelAime.html
Redirect /Documents/Articles/Hynek/1952-12_UnusualAerialPhenomena_JOSA_Hynek.html http://rr0.org/time/1/9/5/2/12/22/Hynek_UnusualAerialPhenomena_JOSA/
Redirect /Documents/Officiels/1947-12-27_SaucerProjectReport.html http://rr0.org/time/1/9/4/7/12/27/SaucerProjectReport/
Redirect /Documents/Officiels/1947-10-28_Schulgen.html http://rr0.org/time/1/9/4/7/10/28/Schulgen_Memo/
Redirect /Documents/Officiels/1947-09-23_TwiningOpinionAMC.html http://rr0.org/time/1/9/4/7/09/23/TwiningOpinionAMC/
Redirect /Documents/Officiels/FBI/1947-07-14_Aldrich_Rhodes_fr.html http://rr0.org/time/1/9/4/7/07/14/FBI_Rhodes/
Redirect /Documents/Officiels/FBI/1947-07-08_FBI_Teletype.html http://rr0.org/time/1/9/4/7/07/08/FBI_Roswell_Teletype/
Redirect /Documents/Officiels/FBI/1947-07-07_FBI_fr.html http://rr0.org/time/1/9/4/7/07/07/FBI_Portland/
Redirect /Documents/Officiels/USAF/1948-12-10/ http://rr0.org/time/1/9/4/8/12/10/USAF_AirIntelligenceReport/
Redirect /Documents/Officiels/USAF/1948-11-08_FlyingObjectIncidentsInTheUnitedStates_McCoy_fr.html http://rr0.org/time/1/9/4/8/11/08/McCoy_FlyingObjectIncidentsInTheUnitedStates/
Redirect /Documents/Officiels/GreenFireballs_rapport.html http://rr0.org/time/1/9/4/9/GreenFireballsReport/
Redirect /Documents/Officiels/MoD/1951-06_FlyingSaucerWorkingParty_fr.html http://rr0.org/time/1/9/5/1/06/FlyingSaucerWorkingParty/
Redirect /Documents/Articles/1952-08-09_AirForceTimes_fr.html http://rr0.org/time/1/9/5/2/08/09/AirForceTimes/
Redirect /Documents/Articles/1952-08-04_Time_BlipsOnTheScopes.html http://rr0.org/time/1/9/5/2/08/04/BlipsOnTheScopes_Time
Redirect /Documents/Articles/1952-07-28_WashingtonPost.html http://rr0.org/time/1/9/5/2/07/28/SaucerOutranJetPilotReveals_WashingtonPost/
Redirect /Documents/Officiels/Stork/1952-04-25_StorkReport_1.html http://rr0.org/time/1/9/5/2/04/25/StorkReport_1/
Redirect /Documents/Officiels/Stork/1952-06-06_StorkReport_2.html http://rr0.org/time/1/9/5/2/06/06/StorkReport_2/
Redirect /Documents/Officiels/Stork/1952-07-07_StorkReport_3.html http://rr0.org/time/1/9/5/2/07/07/StorkReport_3/
Redirect /Documents/Officiels/Stork/1952-08-06_StorkReport_4.html http://rr0.org/time/1/9/5/2/08/06/StorkReport_4/
Redirect /Documents/Officiels/Stork/1952-09-10_StorkReport_5.html http://rr0.org/time/1/9/5/2/09/10/StorkReport_5/
Redirect /Documents/Officiels/Stork/1952-10-10_StorkReport_6.html http://rr0.org/time/1/9/5/2/10/10/StorkReport_6/
Redirect /Documents/Officiels/Stork/1952-11-10_StorkReport_7.html http://rr0.org/time/1/9/5/2/11/10/StorkReport_7/
Redirect /Documents/Articles/Life/1952-04-07_Life_fr.html http://rr0.org/time/1/9/5/2/04/07/HaveWeVisitorsFromSpace_Life/
Redirect /Documents/Articles/1954-12-03_AVRO_LeaderPost_29.html http://rr0.org/time/1954/12/03/AVRO_LeaderPost_29/
Redirect /Documents/Articles/1954-12-03_AVRO_LeaderPost.html http://rr0.org/time/1/9/5/4/12/03/AVRO_LeaderPost/
Redirect /Documents/Livres/Adamski/1955_InsideTheSpaceShips/ http://rr0.org/time/1/9/5/5/Adamski_InsideTheSpaceShips/
Redirect /Documents/Articles/1955-10-8_MacArthurGreetsMayorOfNaples_NewYorkTimes.html http://rr0.org/time/1/9/5/5/10/08/MacArthurGreetsMayorOfNaples_NewYorkTimes/
Redirect /Documents/Articles/1956-11-04_NYT_NICAP_fr.html http://rr0.org/time/1/9/5/6/11/04/NICAP_NewYorkTimes/
Redirect /Documents/Articles/1956-02-20_NYT_Paris_fr.html http://rr0.org/time/1/9/5/6/02/20/Paris_NewYorkTimes/
Redirect /Documents/Officiels/USN/1958-03-11_USNavy_Trinidad.html http://rr0.org/time/1958/03/11/USNavy_Trinidad/
Redirect /Documents/Articles/Trindade/1958-03-08_OCruzero_Trindad.html http://rr0.org/time/1958/03/08/BaraunaOnTrindade_OCruzero/
Redirect /Documents/Officiels/FAB/1958-03-03_Trindade.html http://rr0.org/time/1/9/5/8/03/03/Brasil_Marine_Report/
Redirect /Documents/Articles/Trindade/1958-02-25_LosAngelesTimes_Trindade_fr.html http://rr0.org/time/1958/02/25/Trindage_LosAngelesTimes/
Redirect /Documents/Articles/1959-09-19_SearchingForInterstellarCommunications_Morrison_Cocconi_fr.html http://rr0.org/time/1959/09/19/Morrison-Cocconi_SearchingForInterstellarCommunications/
Redirect /enquete/dossier/Dropas/1962-07_DasVegetarischeUniversum_fr.html http://rr0.org/time/1964/07/UfoNachrichten/
Redirect /Documents/Articles/Hynek/1966-12-17_HynekJosephAllen_AreFlyingSaucersReal_fr.html http://rr0.org/time/1966/12/17/Hynek_AreFlyingSaucersReal/
Redirect /Documents/Articles/1966-11_SaucerDoctrine_Early_Marsh_fr.html http://rr0.org/time/1966/11/SaucerDoctrine_Early_Marsh/
Redirect /Documents/Articles/1966-11-16_NewYorkTimes_Colorado_fr.html http://rr0.org/time/1966/11/16/Colorado_NewYorkTimes/
Redirect /Documents/Articles/1966-10-21_NYT_McDonald_fr.html http://rr0.org/time/1966/10/21/McDonald_NewYorkTimes/
Redirect /Documents/Articles/1966-10-10_UfosForReal_Newsweek_Hynek_fr.html http://rr0.org/time/1966/10/10/Hynek_UfosForReal_Newsweek/
Redirect /Documents/Articles/1966-08_TheWheelInTheMiddleOfTheAir_Golomb_fr.html http://rr0.org/time/1966/08/Golomb_TheWheelInTheMiddleOfTheAir/
Redirect /Documents/Articles/1966-08-14_NYT_BlueBook_fr.html http://rr0.org/time/1966/08/14/BlueBook_NewYorkTimes/
Redirect /Documents/Articles/1966-03-28_NYT_Michigan_fr.html http://rr0.org/time/1966/03/28/NYT_Michigan/
Redirect /Documents/Articles/true/key2.html http://rr0.org/time/1966/01/Keyhoe_IKnowTheSecretOfTheFlyingSaucers_True/
Redirect /Documents/Articles/true/ http://rr0.org/time/1967/true/
Redirect /Documents/Articles/1967_TheScientistAndTheUfo_BioScience_Salisbury.html http://rr0.org/time/1967/TheScientistAndTheUfo_BioScience_Salisbury/
Redirect /Documents/Articles/Baker/1967-11_Baker.html http://rr0.org/time/1967/11/Baker_ObservationalEvidenceOfAnomalisticPhenomena/
Redirect /Documents/Articles/McDonald/1967-08_UfosExtraterrestrialProbes_McDonald_fr.html http://rr0.org/time/1967/08/McDonald_UfosExtraterrestrialProbes/
Redirect /enquete/dossier/Ferghana/1967-06_DesVisiteursDuCosmos_Zaitsev.html http://rr0.org/time/1967/06/Zaitsev_DesVisiteursDuCosmos/
Redirect /Documents/Officiels/1967-12-13_Levine.html http://rr0.org/time/1967/12/13/Levine_MemorandumToEarlyWarningNetwork/
Redirect /Documents/Officiels/1967-06-20_Saunders.html http://rr0.org/time/1967/06/20/Saunders_MemoToEarlyWarningCoordinators/
Redirect /Documents/Articles/1967-05-15_UfosHistoricalPerspective_Earley_fr.html http://rr0.org/time/1967/05/15/UfosHistoricalPerspective_Earley/
Redirect /Documents/Articles/1967-04_AnalysisOfUfoReports_Science_Powers_fr.html http://rr0.org/time/1967/04/AnalysisOfUfoReports_Science_Powers/
Redirect /Documents/Articles/AIAA/1968-12_AIAALookUFOProblem.html http://rr0.org/time/1968/12/AiaaLookUfoProblem/
Redirect /Documents/Officiels/RAND/1968-11-27_RAND.html http://rr0.org/time/1968/11/27/RAND_UfosWhatToDo/
Redirect /Documents/Etudes/1968-06_UfosAndEtLife_Stanley_USAF_fr.html http://rr0.org/time/1968/06/Stanley_UfosAndEtLife_USAF/
Redirect /Documents/Articles/1968-05-13_LibelSuitMayDevelopFromUfoHassle_ScientificResearch_fr.html http://rr0.org/time/1968/05/13/LibelSuitMayDevelopFromUfoHassle_ScientificResearch/
Redirect /Documents/Articles/Walker/1968-03_Walker.html http://rr0.org/time/1968/03/Walker_EstablishingObserverCreditabilityAProposedMethod/
Redirect /Documents/Articles/McDonald/1968-03-12_UfosAnInternationalScientificProblem_McDonald_fr.html http://rr0.org/time/1968/03/12/McDonald_UfosAnInternationalScientificProblem/
Redirect /Documents/Articles/Friedman/1968-02_FlyingSaucersAreReal_Friedman.html http://rr0.org/time/1968/02/Friedman_FlyingSaucersAreReal/
Redirect /Documents/Articles/1968-01-17_NewYorkTimes_Colorado_fr.html http://rr0.org/time/1968/01/17/Colorado_NewYorkTimes/
Redirect /Documents/Articles/Baker/1969-12_Baker.html http://rr0.org/time/1969/12/Bakers_MotionPicturesUfos/
Redirect /Documents/Articles/McDonald/1969-12-27_ScienceInDefault_McDonald_fr.html http://rr0.org/time/1969/12/27/McDonald_ScienceInDefault/
Redirect /Documents/Articles/Hynek/1969-12-21_21YearsOfUfoReports_Hynek_fr.html http://rr0.org/time/1969/12/21/Hynek_21YearsOfUfoReports/
Redirect /Documents/Articles/Page/1969-10_AJP_Page-on-Condon.html http://rr0.org/time/1969/10/AJP_PageOnCondon/
Redirect /Documents/Officiels/FAB/SIOANI/SIOANI-2_fr.html http://rr0.org/time/1969/08/SIOANI/
Redirect /Documents/Articles/McDonald/1969-02-12_CondonReportAScientistCritique_McDonald_fr.html http://rr0.org/time/1969/02/12/McDonald_CondonReportAScientistCritique/
Redirect /Documents/Articles/Baker/1969-04-14_ScientificResearch_Baker.html http://rr0.org/time/1969/04/14/Baker_TheUfoReportCondonStudyFallsShort/
Redirect /Documents/Officiels/FAB/SIOANI/SIOANI-1_fr.html http://rr0.org/time/1969/03/SIOANI/
Redirect /Documents/Officiels/USAF/1970_IntroductorySpaceScience_fr.html http://rr0.org/time/1970/USAF_IntroductorySpaceScience/
Redirect /Documents/Articles/1970_CapturingUFOOnFilm.html http://rr0.org/time/1970/CapturingUfoOnFilm_UfoQuaterly/
Redirect /Documents/Articles/McDonald/1970-11-17_FacteursMeteoRetoursRdar_McDonald.html http://rr0.org/time/1970/11/17/McDonald_MeteorologicalFactorsInUnidentifiedRadarReturns/
Redirect /Documents/Articles/1972-08_ReopeningTheQuestion_Murray_fr.html http://rr0.org/time/1972/08/Murray_ReopeningTheQuestion/
Redirect /Documents/Articles/AIAA/1973-11_Kuettner_fr.html http://rr0.org/time/1973/11/ANewStartOnTheWholeUfoProblem/
Redirect /enquete/dossier/Dropas/1973-01_ButIReadItInABook_Creighton_fr.html http://rr0.org/time/1973/01/Creighton_ButIReadItInABook/
Redirect /Documents/Articles/1974_Goupil.html http://rr0.org/time/1974/Goupil_LHypotheseDuChampRepulsif/
Redirect /Documents/Articles/1974-12_TheZetaReticuliIncident_Astronomy_fr.html http://rr0.org/time/1974/12/TheZetaReticuliIncident_Astronomy/
Redirect /data/1974/Sturrock_Condon/ http://rr0.org/time/1974/10/Sturrock_Condon/
Redirect /Documents/Etudes/mccarthy/ http://rr0.org/time/1975/12/McCarthy_Dissertation/
Redirect /Documents/Articles/Hynek/1975-10-04_Nature_Hynek.html http://rr0.org/time/1975/10/04/Hynek_Nature/
Redirect /Documents/Articles/Hynek/1975-02/1975-02_Hynek_FBI.html http://rr0.org/time/1975/02/Hynek_FBI/
Redirect /Documents/Articles/Hynek/1981-07_UFOPhenomenonLaughLaughStudy_TechnologyReview_Hynek_fr.html http://rr0.org/time/1981/07/Hynek_UFOPhenomenonLaughLaughStudy_TechnologyReview/
Redirect /Documents/Articles/1979-05_TheDayTheNavyEstablishedContact_fr.html http://rr0.org/time/1979/05/TheDayTheNavyEstablishedContact/
Redirect /Documents/Articles/1998_PerspectiveAnomalistics_Truzzi.html http://rr0.org/time/1998/Truzzi_PerspectiveAnomalistics/
Redirect /Documents/Officiels/1990_LambrechtsRapport.html http://rr0.org/time/1990/RapportLambrechts/
Redirect /Documents/Articles/1976-02_TexasMontly_RayStanford_PSI_fr.html http://rr0.org/time/1976/02/StanfordRay_PSI_TexasMontly/
Redirect /Documents/Articles/1989-11-29_Zetetism.html http://rr0.org/time/1989/11/29/Truzzi_ReflectionsOnTheReceptionOfUnconventionalClaimsInScience
Redirect /Taverny.html http://rr0.org/org/eu/fr/dn/base/Taverny
Redirect /SGDN.html http://rr0.org/org/eu/fr/dn/SGDN.html
Redirect /Albion.html http://rr0.org/org/eu/fr/dn/base/Albion
Redirect /IHEDN.html http://rr0.org/org/eu/fr/dn/IHEDN.html
Redirect /org/eu/fr/asso/AAMT.html http://rr0.org/org/eu/fr/asso/aamt
Redirect /org/eu/it/association http://rr0.org/org/eu/it/asso
Redirect /CERPA.html http://rr0.org/org/eu/fr/asso/CERPA.html
Redirect /COMETA.html http://rr0.org/org/eu/fr/asso/cometa
Redirect /CNEGU.html http://rr0.org/org/eu/fr/asso/cnegu
Redirect /org/eu/fr/asso/GEPA.html http://rr0.org/org/eu/fr/asso/gepa
Redirect /RUP.html http://rr0.org/org/eu/fr/asso/RUP.html
Redirect /APRO.html http://rr0.org/org/us/asso/apro/
Redirect /org/us/asso/APRO/ http://rr0.org//org/us/asso/apro
Redirect /MUFON.html http://rr0.org/org/us/asso/MUFON.html
Redirect /AIAA.html http://rr0.org/org/us/asso/AIAA.html
Redirect /JASONS.html http://rr0.org/org/us/asso/JASONS.html
Redirect /NICAP.html http://rr0.org/org/us/asso/nicap
Redirect /org/us/asso/NARCAP.html http://rr0.org/org/us/asso/narcap
Redirect /org/us/asso/NICAP.html http://rr0.org/org/us/asso/nicap
Redirect /NSF.html http://rr0.org/org/us/asso/NSF.html
Redirect /CSETI.html http://rr0.org/org/us/asso/cseti
Redirect /org/us/asso/CSETI.html http://rr0.org/org/us/asso/cseti
Redirect /org/us/dod/af/atic/projet/BlueBook http://rr0.org/org/us/dod/af/amc/atic/projet/bluebook
Redirect /org/us/dod/af/atic/projet/bluebook http://rr0.org/org/us/dod/af/amc/atic/projet/bluebook
Redirect /org/us/dod/af/projet/Grudge http://rr0.org/org/us/dod/af/amc/atic/projet/grudge
Redirect /org/us/dod/af/projet/Sign http://rr0.org/org/us/dod/af/amc/atic/projet/sign
Redirect /org/eu/it/asso/CUN.html http://rr0.org/org/eu/it/asso/CUN/
Redirect /CIPH.html http://rr0.org/org/eu/it/asso/CISU/projet/CIPH.html
Redirect /org/eu/fr/asso/Ouranos.html http://rr0.org/org/eu/fr/asso/ouranos
Redirect /Ouranos.html http://rr0.org/org/eu/fr/asso/ouranos
Redirect /Maroc.html http://rr0.org/org/ma
Redirect /org/eu/fr/asso/LDLN.html http://rr0.org/org/eu/fr/asso/ldln
Redirect /SCEAU.html http://rr0.org/org/eu/fr/asso/SCEAU.html
Redirect /org/eu/fr/asso/SCEAU.html http://rr0.org/org/eu/fr/asso/sceau
Redirect /SERPAN.html http://rr0.org/org/eu/fr/asso/SERPAN.html
Redirect /BallLighting.html http://rr0.org/science/crypto/ufo/enquete/meprise/foudre/globulaire
Redirect /PrankBalloons.html http://rr0.org/science/crypto/ufo/enquete/meprise/ballon/PrankBalloons.html
Redirect /Gendarmerie.html http://rr0.org/org/eu/fr/dn/gendarmerie
Redirect /Terre.html http://rr0.org/place/systeme/solaire/planete/terre
Redirect /lieu/systeme/solaire/planete/terre/us/Socorro.html http://rr0.org/place/systeme/solaire/planete/terre/us/nm/Socorro.html
Redirect /Jupiter.html http://rr0.org/place/systeme/solaire/planete/jupiter
Redirect /lieu/systeme/solaire/planete/terre/lune/Lune.html http://rr0.org/place/systeme/solaire/planete/terre/lune
Redirect /Lune.html http://rr0.org/place/systeme/solaire/planete/terre/lune
Redirect /ColDeVence.html http://rr0.org/place/systeme/solaire/planete/terre/eurafras/euras/eu/fr/ColDeVence
Redirect /lieu/systeme/solaire/planete/terre/fr/ColDeVence http://rr0.org/place/systeme/solaire/planete/terre/eurafras/euras/eu/fr/ColDeVence
Redirect /Rendelsham.html http://rr0.org/place/systeme/solaire/planete/terre/uk/rendlesham
Redirect /Phobos.html http://rr0.org/place/systeme/solaire/planete/mars/Phobos.html
Redirect /lieu/systeme/solaire/planete/venus/Venus.html http://rr0.org/place/systeme/solaire/planete/venus/
Redirect /Nibiru.html http://rr0.org/place/systeme/solaire/planete/Nibiru.html
Redirect /USA.html http://rr0.org/org/us
Redirect /SETI.html http://rr0.org/science/crypto/ufo/observation/projet/seti
Redirect /detection/projet/SETI.html http://rr0.org/science/crypto/ufo/observation/projet/seti
Redirect /SETI-RMW.html http://www.rr0.org/science/crypto/ufo/observation/projet/seti/rmw
Redirect /Apollo11.html http://rr0.org/org/us/nasa/projet/apollo/11
Redirect /Aquarius.html http://rr0.org/science/crypto/ufo/enquete/dossier/ProjetAquarius
Redirect /Dossier/1290_Amplefort/ http://rr0.org/science/crypto/ufo/enquete/dossier/Amplefort/
Redirect /Implants.html http://rr0.org/science/crypto/ufo/enquete/dossier/Implants/
Redirect /detect/Implants.html http://rr0.org/science/crypto/ufo/enquete/dossier/Implants/
Redirect /Dossier/1608_Signes/ http://rr0.org/time/1608/Signes
Redirect /Dossier/1982-10-21_Amarantes/ http://rr0.org/science/crypto/ufo/enquete/dossier/Amarantes/
Redirect /Fatima.html http://rr0.org/science/crypto/ufo/enquete/dossier/Fatima/
Redirect /Dossier/1917_Fatima/ http://rr0.org/science/crypto/ufo/enquete/dossier/Fatima/
Redirect /1947-07-02_Roswell.html http://rr0.org/science/crypto/ufo/enquete/dossier/Roswell/
Redirect /Dossier/1947-07-02_Roswell/1995_Film/ http://rr0.org/science/crypto/ufo/enquete/dossier/Roswell/Films/
Redirect /science/crypto/ufo/enquete/dossier/1947-07-02_Roswell/1995_Film http://rr0.org/science/crypto/ufo/enquete/dossier/Roswell/Films
Redirect /Dossier/1947-07-02_Roswell/ http://rr0.org/science/crypto/ufo/enquete/dossier/Roswell/
Redirect /Dossier/1947-07-02_Roswell/KaufmannFrank.html http://rr0.org/science/crypto/ufo/enquete/dossier/Roswell/KaufmannFrank/
Redirect /MauryIsland.html http://rr0.org/science/crypto/ufo/enquete/dossier/Maury/
Redirect /Dossier/1967-05-09_Marliens/ http://rr0.org/science/crypto/ufo/enquete/dossier/Marliens/
Redirect /Dossier/1951-08-25_Lubbock/ http://rr0.org/science/crypto/ufo/enquete/dossier/Lubbock/
Redirect /Dossier/1951-08-25_Lubbock http://rr0.org/science/crypto/ufo/enquete/dossier/Lubbock/
Redirect /Dossier/1952-07-26_Washington/ http://rr0.org/science/crypto/ufo/enquete/dossier/Washington/
Redirect /1952-07-26_Washington.html http://rr0.org/science/crypto/ufo/enquete/dossier/Washington/
Redirect /Dossier/1953_Villa/ http://rr0.org/science/crypto/ufo/enquete/dossier/Villa/
Redirect /Dossier/1953-11-23_Kinross/ http://rr0.org/science/crypto/ufo/enquete/dossier/Kinross/
Redirect /1954-09-10_Quarouble.html http://rr0.org/science/crypto/ufo/enquete/dossier/Quarouble/
Redirect /Dossier/1956-08-13_Lakenheath/ http://rr0.org/science/crypto/ufo/enquete/dossier/Lakenheath/
Redirect /Dossier/1958_Trinite/ http://rr0.org/science/crypto/ufo/enquete/dossier/Trinidad/
Redirect /1958_Trinite.html http://rr0.org/science/crypto/ufo/enquete/dossier/Trinidad/
Redirect /1964-04-24_Soccorro.html http://rr0.org/science/crypto/ufo/enquete/dossier/Soccorro/
Redirect /Dossier/1964-04-24_Soccorro/ http://rr0.org/science/crypto/ufo/enquete/dossier/Soccorro/
Redirect /Dossier/1965-12-09_Kecksburg/ http://rr0.org/science/crypto/ufo/enquete/dossier/Kecksburg/
Redirect /Dossier/1966_Ummo/ http://rr0.org/science/crypto/ufo/enquete/dossier/Ummo/
Redirect /Dossier/1967-08-29_Cussac/ http://rr0.org/science/crypto/ufo/enquete/dossier/Cussac
Redirect /1948-07-24_Chiles_Whitted.html http://rr0.org/science/crypto/ufo/enquete/dossier/ChilesWhitted
Redirect /Dossier/1968-11-01_X http://rr0.org/science/crypto/ufo/enquete/dossier/DocteurX
Redirect /Dossier/1975-11-05_WaltonTravis http://rr0.org/science/crypto/ufo/enquete/dossier/WaltonTravis
Redirect /science/crypto/ufo/enquete/projet/Prato.html http://rr0.org/science/crypto/ufo/enquete/dossier/Colares
Redirect /Prato.html http://rr0.org/science/crypto/ufo/enquete/dossier/Colares
Redirect /1980-12-29_CashLandrum.html http://rr0.org/science/crypto/ufo/enquete/dossier/CashLandrum
Redirect /Dossier/1980_Bennewitz http://rr0.org/science/crypto/ufo/enquete/dossier/Bennewitz
Redirect /Dossier/1972-08-12_Taize http://rr0.org/science/crypto/ufo/enquete/dossier/Taize
Redirect /Dossier/1981-01-08_TransEnProvence http://rr0.org/science/crypto/ufo/enquete/dossier/TransEnProvence
Redirect /Dossier/1981-10-08_Vancouver http://rr0.org/science/crypto/ufo/enquete/dossier/Vancouver
Redirect /Dossier/1991-09-15_STS48 http://rr0.org/science/crypto/ufo/enquete/dossier/STS48
Redirect /Dossier/1994-01-28_Duboc http://rr0.org/science/crypto/ufo/enquete/dossier/Duboc
Redirect /Dossier/1996-08-06_Mexico http://rr0.org/science/crypto/ufo/enquete/dossier/Mexico
Redirect /Dossier/1997-04-04_JRodAutopsy http://rr0.org/science/crypto/ufo/enquete/dossier/JRodAutopsy
Redirect /Dossier/1998_Sverdlovsk http://rr0.org/science/crypto/ufo/enquete/dossier/Sverdlovsk
Redirect /Dossier/2004-03-05_Mexique http://rr0.org/science/crypto/ufo/enquete/dossier/Campeche
Redirect /Canulars.html http://rr0.org/science/crypto/ufo/enquete/dossier/Canulars.html
Redirect /Saqqara.html http://rr0.org/science/crypto/archeo/enquete/dossier/Saqqara/
Redirect /1965-07-01_Valensole.html http://rr0.org/science/crypto/ufo/enquete/dossier/Valensole/
Redirect /audio/2001-05-20_Menant_Vallee.html http://rr0.org/time/2001/05/20/Menant_InterviewVallee.html
Redirect /RB-47.html http://rr0.org/tech/aero/appareil/avion/RB-47.html
Redirect /V1.html http://rr0.org/tech/aero/appareil/missile/v1
Redirect /V2.html http://rr0.org/tech/aero/appareil/missile/v2
Redirect /Aurora.html http://rr0.org/tech/aero/appareil/Aurora.html
Redirect /appareils#A12.html http://rr0.org/tech/aero/appareil/A12
Redirect /enquete/appareil http://rr0.org/tech/aero/appareil
Redirect /appareils.html http://rr0.org/tech/aero/appareil
Redirect /Abduction.html http://rr0.org/science/crypto/ufo/observation/scenario/Abduction.html
Redirect /scientifiques.html http://rr0.org/people/scientifiques.html
Redirect /analyse/ http://rr0.org/science/crypto/ufo/analyse/
Redirect /science/crypto/ufo/analyse/FermiParadoxe.html http://rr0.org/science/crypto/ufo/analyse/hypotheses/intelligence/HET/FermiParadoxe.html
Redirect /science/crypto/ufo/analyse/hypotheses/intelligence/HET/ETPoilus.html http://rr0.org/science/crypto/ufo/analyse/hypotheses/intelligence/HET/pilosite
Redirect /Dossier http://rr0.org/science/crypto/ufo/enquete/dossier
Redirect /chronoset.html http://rr0.org/time
Redirect /annees.html http://rr0.org/time
Redirect /detection/ http://rr0.org/science/crypto/ufo/observation/
Redirect /enquete/ http://rr0.org/science/crypto/ufo/enquete/
Redirect /ufologie/ http://rr0.org/science/crypto/ufo/
Redirect /ufologues.html http://rr0.org/people/ufologues.html
Redirect /science/crypto/ufo/detection/ http://rr0.org/science/crypto/ufo/observation/
Redirect /science/crypto/ufologie/detection/ http://rr0.org/science/crypto/ufo/observation
Redirect /FlyingSaucers.html http://rr0.org/science/crypto/ufo/FlyingSaucers.html
Redirect /org/eu/fr/association http://rr0.org/org/eu/fr/asso
Redirect /FR.html http://rr0.org/org/eu/fr
Redirect /org/us/association http://rr0.org/org/us/asso
Redirect /politique/ideologie/conspirationnisme http://rr0.org/croyance/conspirationnisme
Redirect /science/crypto/ufo/enquete/dossier/1967-07-03_Woonsocket http://rr0.org/science/crypto/ufo/enquete/dossier/Ferriere/
Redirect /StatistiquesApplet.html http://rr0.org/science/crypto/ufo/analyse/statistique/StatistiquesApplet.html

# compress certain file types by extension:
<files *.html>
SetOutputFilter DEFLATE
</files>

<Files 403.shtml>
order allow,deny
allow from all
</Files>

RewriteEngine on
RewriteCond %{HTTP_REFERER} !^http://java.rr0.org/.*$      [NC]
RewriteCond %{HTTP_REFERER} !^http://java.rr0.org$      [NC]
RewriteCond %{HTTP_REFERER} !^http://rr0.org/.*$      [NC]
RewriteCond %{HTTP_REFERER} !^http://rr0.org$      [NC]
RewriteCond %{HTTP_REFERER} !^http://.*.google.com/.*$      [NC]
RewriteCond %{HTTP_REFERER} !^http://.*.google.com$      [NC]
RewriteCond %{HTTP_REFERER} !^http://www.java.rr0.org/.*$      [NC]
RewriteCond %{HTTP_REFERER} !^http://www.java.rr0.org$      [NC]
RewriteCond %{HTTP_REFERER} !^http://www.rr0.org/.*$      [NC]
RewriteCond %{HTTP_REFERER} !^http://www.rr0.org$      [NC]
RewriteCond %{HTTP_REFERER} !^http://psiland.free.fr/.*$      [NC]
RewriteCond %{HTTP_REFERER} !^http://www.javarome.org/.*$      [NC]
RewriteCond %{HTTP_REFERER} !^http://.*.tineye.com$      [NC]
RewriteRule .*\.(jpg|jpeg|jpe|gif|bmp|png)$ http://rr0.org/Referencement.html [R,NC]
